id,latitude,longitude,temperature,precipitation
1,1.5156,-77.49498,111,6.8
2,-3.5943944,26.6700737,25,2.14
3,55.56047,47.39297,31,1.21
4,28.374107,111.212846,26,4.68
5,32.0607438,45.2384164,68,1.41
6,26.3237782,88.5167162,29,8.18
7,38.487193,106.230908,35,1.53
8,-12.1450486,96.8217017,107,3.1
9,42.2685369,86.8680361,24,2.59
10,40.1667409,44.2123603,16,2.79
11,7.05,124.58333,70,4.88
12,27.542493,110.702501,38,3.33
13,-33.0276981,17.9176312,95,0.74
14,44.9293507,39.7571015,79,6.17
15,48.9330384,2.0412764,105,6.73
16,-8.7789516,122.0098642,72,9.13
17,39.0527074,116.9237911,57,2.03
18,22.280436,114.157935,74,2.77
19,59.4015532,18.3427724,28,8.12
20,24.066095,108.664778,72,3.54
21,27.69965,108.839557,32,5.8
22,31.723247,119.597896,98,9.2
23,25.822138,116.793053,78,8.96
24,-5.3629365,39.6526462,50,0.61
25,-7.3743397,110.2648159,18,5.74
26,-15.8958471,-52.2516426,67,1.56
27,45.3913779,40.1763516,76,5.53
28,-40.4057293,175.5843632,52,2.04
29,22.585397,113.38492,91,8.83
30,6.7368274,2.6636066,51,7.56
31,37.9011442,23.8726503,49,1.64
32,31.188658,115.36761,105,4.2
33,-38.956431,-68.23127,41,3.09
34,41.0907665,-8.60487,45,3.78
35,40.1912987,44.384146,31,9.06
36,37.399373,110.691139,76,3.61
37,30.628795,104.0436982,22,9.41
38,32.890479,115.814504,70,1.75
39,11.0871586,123.9861013,57,9.93
40,29.916694,121.529927,30,6.32
41,3.1121428,101.6935065,54,9.67
42,40.727504,19.5627596,72,1.54
43,-31.7790432,-54.6945328,35,8.98
44,22.8564518,-82.4211025,20,7.37
45,-21.953253,-48.0006076,58,0.15
46,41.565627,120.453743,71,4.7
47,40.9676726,126.5990916,54,5.02
48,56.355176,26.1725258,83,3.36
49,49.7392784,19.8619324,91,0.22
50,13.6757837,-89.2894733,96,5.35
51,41.055232,19.9537797,62,3.02
52,55.8304171,49.1812984,42,7.95
53,59.3245933,17.9509504,37,3.03
54,58.1628402,16.3083468,32,2.93
55,28.041005,110.814125,115,0.67
56,15.3680416,-87.9383822,69,9.2
57,31.434625,120.004045,52,8.8
58,44.692194,85.70601,56,9.13
59,5.7265629,-71.993941,111,2.2
60,12.5640276,123.7304111,104,9.69
61,35.440708,117.09616,17,7.35
62,36.5658729,53.0586328,103,1.48
63,38.58,-121.49,26,8.84
64,13.264915,123.4256573,40,4.59
65,20.8965838,-105.4093552,79,2.4
66,24.466675,112.626495,64,4.68
67,-14.1,-70.2,86,0.7
68,-0.1806532,-78.4678382,73,1.9
69,6.856106,79.917758,34,1.44
70,48.316667,106.25,66,6.77
71,33.5727724,36.4093761,107,9.59
72,10.4184707,122.8854511,58,1.07
73,37.751853,128.8760574,46,0.53
74,48.6688151,22.7524961,96,5.46
75,27.283955,105.291643,77,1.04
76,36.628305,101.765843,72,9.66
77,50.1758214,30.1017634,27,6.31
78,0.0851034,-76.8940156,55,1.48
79,35.575417,114.519311,25,0.69
80,38.173303,77.215838,81,7.21
81,24.884626,104.308675,84,2.68
82,39.444422,121.31294,95,1.35
83,32.7778898,61.6567273,65,0.69
84,-6.2318126,106.8396166,83,4.42
85,29.082103,111.06586,21,9.46
86,50.81667,27.03333,81,5.12
87,-9.821088,124.4031833,77,7.03
88,13.2916538,-87.6519473,51,5.68
89,10.072035,-73.7007088,15,9.93
90,-7.7955798,110.3694896,55,0.75
91,56.0017,55.928,22,5.83
92,26.458254,114.786182,102,9.97
93,59.9388564,30.3598522,78,2.23
94,23.105394,113.874335,85,9.1
95,41.985186,122.836723,86,3.47
96,-18.7679039,46.0515529,45,2.21
97,42.8970535,-8.5418899,33,5.0
98,48.1735752,91.7678144,63,7.84
99,7.7630152,5.7247169,35,0.97
100,47.2550409,-1.5401497,76,7.13
101,50.4915831,16.2682843,96,4.31
102,5.9840985,116.0761121,114,6.14
103,49.2752229,1.207968,57,6.12
104,19.015744,108.916255,85,1.81
105,54.80639,35.92778,76,5.02
106,32.025538,104.868349,96,2.37
107,44.346784,5.8855505,103,4.61
108,50.8018212,30.1345542,108,7.94
109,43.8164948,4.8090237,85,2.99
110,-26.9655922,-50.4178973,75,5.9
111,-6.0912649,-35.4124355,50,2.8
112,-6.955869,110.248722,57,0.18
113,-22.2496709,-43.8290988,66,9.72
114,-7.3276166,112.7137227,73,7.66
115,33.2035282,131.6906274,98,4.41
116,-8.2919428,123.2254725,53,4.28
117,40.23921,116.12895,47,7.71
118,35.99,-78.9,75,4.73
119,24.3154419,109.3656914,22,0.66
120,26.567944,106.714374,104,2.26
121,-21.2327222,-47.8167164,68,8.13
122,31.207751,121.293544,106,8.43
123,51.2804955,9.4266475,54,7.9
124,52.5429093,21.9001014,87,9.19
125,52.176031,-6.5899765,61,5.46
126,8.959667,-73.626268,61,4.37
127,58.1420431,28.203342,40,2.06
128,59.7411336,18.3453989,98,3.82
129,24.9936281,121.3009798,112,4.15
130,14.0042175,121.3216161,72,3.26
131,15.4977734,100.2151578,62,1.57
132,41.1846313,-8.598522,39,9.58
133,14.2552463,-89.8497574,65,3.99
134,30.07728,103.848396,103,1.36
135,30.031533,101.014425,85,3.07
136,13.9497515,-88.63499,49,4.27
137,32.8872094,13.1913383,55,5.21
138,34.855441,33.5784007,50,1.07
139,27.58237,110.897275,31,9.91
140,10.3043903,104.6354631,35,0.59
141,40.7929026,43.8464971,95,4.2
142,58.0537462,27.0548658,29,3.59
143,46.7803082,14.9136917,67,3.67
144,15.229571,-23.2141352,20,1.13
145,31.8239619,49.8700862,30,4.88
146,59.4744985,18.3007988,40,2.37
147,55.6854725,12.5666087,21,8.67
148,-5.7577862,105.6984455,89,4.35
149,32.2438426,-8.5226706,17,4.13
150,14.9415552,-88.3263603,73,8.51
151,21.6818943,102.1089679,91,2.44
152,60.1161159,30.2124344,16,2.52
153,11.383932,107.5386809,45,9.95
154,-6.8435796,106.8296372,39,6.24
155,-8.602068,116.195655,56,9.41
156,40.7177351,-111.8985922,25,6.4
157,45.7873408,126.7075176,29,6.38
158,38.895126,117.005412,57,5.9
159,33.766169,113.192661,42,3.0
160,7.4700493,124.3789673,42,1.36
161,40.8979064,-7.9345589,108,9.07
162,-34.4402062,-55.9600098,71,2.34
163,45.8860486,20.194172,91,3.07
164,29.079175,119.64742,72,3.48
165,59.9050895,10.7673005,103,1.02
166,7.1962805,125.4078017,113,9.47
167,37.786653,113.657841,67,8.93
168,56.3448609,25.5603229,65,0.32
169,20.011946,110.201664,17,3.84
170,24.737065,118.630289,49,0.53
171,10.0342937,126.0415372,19,0.22
172,41.985186,122.836723,77,8.77
173,15.3833332,120.8000031,34,9.21
174,-6.9484206,110.2579036,98,0.5
175,40.99849,111.1617,17,3.15
176,30.471857,104.983818,77,2.3
177,45.9956745,20.0278794,28,9.25
178,49.0419017,28.4169896,87,6.88
179,38.2645,114.690007,66,7.89
180,-29.357495,-50.7832348,30,4.88
181,35.066619,116.311532,60,7.83
182,-15.6921494,46.3336857,27,3.64
183,12.7867105,39.5433388,60,0.03
184,48.2044234,5.942257,21,1.1
185,22.826877,107.840624,105,7.26
186,57.6439405,11.9021049,110,7.4
187,23.269131,114.524679,21,0.08
188,40.637939,69.59436,87,0.53
189,57.4930406,15.8361761,108,8.54
190,64.9142998,77.7663297,60,0.37
191,52.7387427,58.6660975,64,5.44
192,16.8047297,99.1013498,31,1.96
193,48.957695,2.881818,51,2.14
194,-5.6455578,-37.8512309,64,4.31
195,9.2559967,118.4057103,80,4.9
196,51.64438,22.561217,92,2.84
197,42.0817502,-76.854799,109,1.19
198,35.1268513,-119.1855785,33,6.64
199,-8.2517133,111.4365318,21,3.66
200,42.0275439,23.9915523,17,0.03
201,16.0213558,100.417181,46,5.32
202,46.5210948,32.5201269,106,3.37
203,-7.8808775,-40.0810267,52,5.35
204,-34.6143841,-58.4708749,67,6.06
205,23.875208,112.542428,45,5.55
206,31.7698671,-106.4161964,68,7.26
207,5.827963,121.160161,72,2.86
208,43.32807,132.08832,90,3.88
209,-0.8406658,-80.1596041,58,6.6
210,27.6376503,30.8510692,25,6.91
211,-0.9676533,-80.7089101,97,0.36
212,52.85768,14.39293,82,6.47
213,41.346515,-7.942457,32,9.37
214,5.4827405,-73.4062342,90,5.69
215,15.3694451,44.1910066,69,4.23
216,6.1205312,-75.2803017,30,2.83
217,39.55699,-8.736667,52,4.95
218,-4.3253802,20.5870955,49,7.13
219,26.141854,116.188408,91,2.89
220,39.630867,118.180193,19,3.22
221,33.1401715,119.7889248,19,5.21
222,-7.3697672,112.5125893,66,8.25
223,36.7846385,138.4565967,60,4.14
224,51.0768632,22.2730418,52,8.81
225,49.781138,14.1671734,100,2.71
226,-20.0256695,-44.0572964,62,6.36
227,53.4855448,-6.1544115,98,7.14
228,49.0650385,17.4897284,33,2.0
229,51.4057505,-2.5573746,40,0.94
230,47.1900322,102.8340449,29,5.85
231,47.3599545,6.3904955,109,8.3
232,-22.7238417,-51.4099625,83,7.22
233,-7.3360763,107.9512504,73,2.14
234,50.3171905,2.801236,89,4.03
235,46.71327,96.52588,111,9.07
236,32.7231719,110.060938,103,8.43
237,15.9535593,121.1098151,67,5.32
238,27.950753,109.592921,32,4.88
239,33.4596808,132.7393724,114,6.03
240,12.4579462,107.8169229,93,8.59
241,31.2777088,49.5993167,23,1.99
242,35.99417,129.345,37,7.61
243,-6.8897071,-38.5612185,40,8.9
244,43.6165639,27.091526,47,6.41
245,40.5871242,43.8677691,86,9.08
246,46.5201168,15.8866431,36,6.75
247,39.5691202,45.9004974,114,9.46
248,37.705473,22.7494193,102,0.89
249,41.86624,125.582116,49,1.01
250,43.6422125,-79.3744257,92,0.6
251,50.4674149,15.1761989,108,6.07
252,40.4722617,-7.9751886,33,1.19
253,-6.7183784,111.466342,113,0.78
254,41.5780148,19.6966667,104,9.49
255,43.858616,21.403911,79,5.92
256,-0.5388381,37.4596409,39,8.94
257,-6.8081501,106.6645007,99,3.94
258,48.689836,6.17445,114,9.13
259,59.3462826,18.0843085,102,5.28
260,52.454148,-1.7138034,16,0.04
261,-10.8810514,-61.9704582,64,8.82
262,-38.0846351,176.6989753,35,7.43
263,15.92762,120.413631,48,8.82
264,11.2666664,123.7333298,24,0.78
265,50.6162099,33.8468153,73,0.51
266,14.572396,120.995514,53,4.17
267,61.7983586,34.3753781,73,6.84
268,14.5994449,120.9990792,84,7.19
269,34.5465928,134.3028193,86,8.47
270,45.3293893,20.8278865,22,1.12
271,25.9119375,32.7632609,48,8.33
272,15.1850483,145.7467259,47,5.08
273,37.7525244,139.1650556,64,4.17
274,-7.0258756,107.5176489,58,4.63
275,16.2661738,-3.4044187,108,7.92
276,8.1890712,126.3547613,39,4.61
277,14.549394,-90.789918,68,0.21
278,35.7297805,140.2669505,60,9.73
279,45.8442734,20.2867074,102,7.28
280,14.6925451,120.9653066,81,8.02
281,30.4111518,-88.9198322,37,8.1
282,14.5508865,121.0075554,38,3.66
283,51.7717109,15.921227,87,2.24
284,-27.6662277,-48.5269452,32,2.06
285,14.6062786,121.1140816,68,0.83
286,49.5769172,19.833467,89,0.82
287,69.679788,18.9710079,94,7.28
288,31.2185473,-8.2404397,68,8.85
289,58.4126605,51.2826021,72,3.44
290,50.667396,3.0751792,48,6.34
291,51.9204659,15.1155372,107,8.85
292,30.975215,101.127088,33,5.37
293,38.3204422,141.0226267,66,4.24
294,5.9411628,-56.9914585,104,5.8
295,31.2303904,121.4737021,20,0.38
296,52.2215511,85.7616347,89,2.48
297,52.3974171,19.735653,66,0.65
298,29.649109,117.136252,93,3.08
299,28.71321,109.496611,37,2.0
300,-6.9557,113.4028,37,2.47
301,-2.673867,139.7728757,112,3.72
302,-3.8246952,103.1048449,42,0.72
303,-7.2035144,106.5241371,60,5.85
304,44.6111646,19.3208433,74,5.49
305,15.8278,120.4946766,40,5.38
306,48.0158297,40.0785154,39,5.67
307,-4.061738,19.5865629,60,1.94
308,6.6763591,-72.7628653,18,3.15
309,12.9796798,123.9196804,59,0.31
310,60.3560649,5.3446343,39,2.26
311,30.7066802,31.2447709,82,8.07
312,29.208918,119.460526,90,7.23
313,56.4306363,60.1619743,36,7.75
314,33.3128057,44.3614875,19,0.01
315,51.3988867,34.8922317,37,0.84
316,31.26886,-9.183608,62,4.88
317,24.44218,114.938684,69,9.12
318,50.59219,3.4387783,42,3.78
319,64.8101062,25.987464,70,4.16
320,46.6669865,3.590421,47,3.03
321,25.8025129,-100.2268529,109,5.66
322,38.731148,-9.3641114,38,2.16
323,34.776765,105.799791,111,1.59
324,-30.7456924,-58.0135415,44,9.98
325,34.151624,109.323479,23,8.28
326,13.5730766,123.0925437,47,3.18
327,37.8336508,140.557325,98,4.73
328,35.657343,107.730679,108,7.96
329,49.9535113,16.8819389,54,9.24
330,41.558895,-8.6714665,35,5.44
331,41.76,-72.74,53,3.57
332,50.0705922,15.1845475,37,8.38
333,-2.6778303,118.887477,101,5.29
334,31.491169,120.31191,75,1.63
335,-6.3376,106.0164,79,0.55
336,52.6957717,39.4722994,109,3.31
337,28.154774,116.870383,107,8.73
338,7.4509008,126.5772629,52,5.07
339,39.9535181,44.5519782,83,8.86
340,4.6259611,96.6740303,16,4.19
341,30.315892,120.218758,63,9.25
342,6.95333,124.42556,99,2.12
343,33.5142841,36.3741834,94,9.29
344,21.0598649,105.4943648,44,7.6
345,7.444229,123.33769,44,3.37
346,49.5178845,6.190803,108,1.15
347,43.3625303,27.1255402,30,4.74
348,19.604951,-71.252526,42,5.26
349,30.1762897,31.2067851,23,7.3
350,14.5697429,121.0190818,113,8.12
351,-7.6832323,110.670528,82,9.73
352,42.9871344,25.0635741,70,5.95
353,35.937102,116.470304,59,8.38
354,-22.8340652,-42.0205561,19,4.03
355,60.9417483,26.3923127,110,6.8
356,41.0753802,-8.1202831,69,3.28
357,42.891255,129.508945,47,6.89
358,2.7682671,-76.4215988,33,0.48
359,24.034527,112.047639,91,6.34
360,-7.5289363,110.7614166,52,3.52
361,71.96347,114.09199,78,7.99
362,17.7917146,95.7563151,102,0.66
363,-12.7902832,45.1050487,63,1.87
364,-34.6234902,-58.4955016,82,0.39
365,20.0450379,99.8913421,58,7.9
366,20.6523028,-87.0696273,64,7.13
367,-5.9341855,-78.6646942,102,1.82
368,39.609342,112.365875,107,3.13
369,59.2689705,17.9879854,79,6.49
370,63.6939838,22.7427761,64,9.22
371,24.84662,116.746096,94,7.08
372,47.3005,29.1224979,50,2.79
373,3.1523104,101.7178316,32,5.35
374,14.3836409,120.8215431,85,4.02
375,-28.1999491,-51.5303101,33,8.82
376,-37.6981612,176.1595188,62,0.62
377,20.07552,-97.0706848,32,8.89
378,48.8602,124.1228,96,6.81
379,36.4583521,140.1060931,103,0.43
380,3.9878168,-75.946324,114,0.91
381,6.9421349,1.6736397,39,8.61
382,39.95,-75.16,45,6.75
383,29.3352938,48.0715612,77,8.51
384,-25.9685155,31.2483291,34,7.35
385,42.3604802,-71.0590624,84,5.36
386,25.461545,118.31969,48,9.76
387,34.9128121,-116.6492954,102,2.28
388,-8.5740103,115.2379322,73,8.58
389,53.7852624,27.6290067,56,7.76
390,9.9785656,-63.2194183,63,5.93
391,49.7052493,4.9404055,79,7.64
392,63.0040018,16.6737805,107,4.27
393,14.290674,-91.912218,38,5.95
394,38.5691786,-9.0814271,56,3.76
395,-7.2789,107.0659,54,4.09
396,6.1244023,100.3674801,87,8.32
397,-18.9797547,32.3759269,44,2.6
398,14.6634634,-89.8468753,67,0.8
399,45.6838431,28.6143107,95,7.14
400,-1.5564515,-47.6455169,53,8.18
401,-7.633333,108.133333,22,6.12
402,32.8172446,-96.7712123,79,6.28
403,49.718789,17.0837083,97,2.41
404,10.2511369,123.7810708,104,2.62
405,-10.459783,-40.1868956,91,1.36
406,54.4626821,30.0025887,62,7.42
407,24.880992,118.71899,77,7.4
408,56.3095721,42.9560492,83,0.14
409,26.848547,115.193595,25,2.78
410,-9.5318628,124.4364621,67,7.48
411,53.800245,-1.48003,40,4.12
412,53.149977,140.6634789,51,9.81
413,36.792339,10.6295091,16,9.18
414,56.0418013,12.7039013,31,5.73
415,-13.8000058,32.8930441,47,7.1
416,14.3545083,47.0802023,81,9.17
417,33.9516114,-118.3875775,49,9.35
418,35.94,-83.99,115,8.83
419,39.9729825,67.199876,62,8.45
420,37.054157,122.354016,63,4.97
421,53.0863997,18.6197864,98,7.27
422,41.5122699,-8.4650216,57,0.34
423,37.499494,121.444782,114,6.22
424,-8.6282191,116.4636472,88,4.48
425,44.9259216,19.5010071,115,2.98
426,48.7499009,2.3825213,83,1.0
427,13.460196,144.715468,28,4.33
428,18.4701519,-69.9851563,39,4.05
429,55.1518222,33.279163,101,9.19
430,11.6313786,125.4600442,89,5.5
431,22.795672,-82.5131717,99,9.8
432,-7.8529367,110.3606701,47,8.84
433,57.537763,26.7043139,67,1.27
434,16.913074,121.065069,68,8.1
435,13.7832268,120.9891643,110,9.22
436,52.1867388,16.7971141,60,0.38
437,34.805822,104.773803,34,7.6
438,41.3193419,-8.2091148,71,9.25
439,22.625636,114.038535,112,8.81
440,-7.1861216,108.4424414,56,1.63
441,-2.9863917,104.7321081,65,4.29
442,-6.8245964,111.4544179,69,4.38
443,22.948016,113.366904,65,0.15
444,59.4411274,30.1610699,23,6.35
445,51.5829309,4.7066416,95,1.03
446,-34.1979128,-53.8617544,27,3.18
447,38.8794495,-6.9706535,33,0.7
448,16.7445704,100.1367166,32,9.79
449,-4.581521,-79.796898,56,9.06
450,-9.7944518,124.5722198,73,7.88
451,8.2435239,124.3401302,35,6.76
452,28.03825,120.892196,77,4.53
453,-20.2687728,-50.5316737,41,7.56
454,-3.3939043,120.3608455,96,1.66
455,16.3413382,104.2279672,86,8.97
456,24.84662,116.746096,19,9.19
457,-26.8214685,-55.0199394,80,4.34
458,0.3407154,127.8300034,69,5.77
459,6.902156,80.58662,49,8.64
460,4.338952,-73.938919,80,5.99
461,14.033333,-86.466667,87,9.84
462,14.722622,121.0427995,72,8.91
463,33.3074734,130.3745544,81,1.22
464,47.0163969,-68.1430029,111,3.35
465,15.3083007,47.9787391,36,2.39
466,59.76039,30.4754399,92,1.85
467,10.4309602,-85.0966591,92,6.25
468,44.330811,-78.3216329,41,4.48
469,42.385811,21.7405988,61,5.16
470,38.2513578,140.8817471,27,5.4
471,55.7213148,37.6243984,26,8.91
472,46.814102,130.375062,103,9.7
473,36.689919,118.4807442,28,2.75
474,39.538047,116.683752,99,8.54
475,-1.6258482,99.1788304,73,0.19
476,-3.5098478,-44.7381432,49,2.33
477,59.2690316,18.0588936,44,2.44
478,-7.4250762,108.2822389,21,8.75
479,47.2215999,5.9675963,70,3.89
480,13.9293954,121.3228399,85,5.72
481,-6.4146234,107.5593913,37,6.14
482,43.9078337,12.4581209,30,5.65
483,57.6437016,32.4624195,23,0.99
484,49.718789,17.0837083,62,9.92
485,39.9793657,-75.1253492,33,8.29
486,-7.992641,112.624117,84,6.41
487,31.7751564,117.2102637,65,4.36
488,4.2743779,-75.931004,74,5.93
489,39.14,-84.54,92,2.24
490,19.4468231,-99.1303962,102,4.18
491,61.3649277,24.6566461,72,6.75
492,48.8231572,103.5218199,110,3.13
493,50.9115477,14.6182476,32,2.05
494,1.4403613,10.5718086,102,2.66
495,58.2730218,13.1994008,72,2.75
496,-10.8163426,123.0057261,32,8.82
497,7.1849927,124.1839966,58,1.9
498,38.8920292,-77.0136483,58,5.03
499,30.318685,119.725587,84,8.58
500,40.7,-111.94,114,0.49
501,39.635068,117.515189,41,5.51
502,37.5615702,140.7512365,33,6.31
503,40.9937071,22.8753674,65,8.46
504,26.085391,119.583599,53,6.87
505,36.334104,113.228852,31,1.44
506,9.1681467,8.9245343,93,2.14
507,-6.6641,111.5655,104,5.69
508,-9.6936,119.4562,64,0.09
509,37.9746194,23.6412944,46,7.4
510,8.7963805,117.8314494,97,2.58
511,-8.1916,123.7529,45,8.28
512,-18.0524283,44.0341961,41,3.6
513,42.707822,47.5641242,51,2.69
514,7.3042466,122.258933,106,1.29
515,30.921373,118.784812,40,1.24
516,-18.2852179,-66.8409544,95,3.91
517,60.54595,16.2841,113,1.08
518,46.0313077,29.9343459,28,6.03
519,-4.1828379,13.2865504,108,1.49
520,37.507694,101.414709,36,5.06
521,6.191677,-73.0169135,112,0.05
522,36.3276673,138.8951009,82,8.31
523,45.6829132,13.9697218,107,0.36
524,-14.9210683,-49.609512,80,1.39
525,52.6435136,4.7270746,57,2.6
526,11.233633,122.061539,45,8.15
527,33.12688,106.558023,60,0.51
528,44.2006496,43.4273768,66,6.49
529,40.0016242,116.3878492,53,5.17
530,51.9777094,36.9137821,39,7.16
531,51.4139633,-2.2685462,38,3.41
532,37.3051059,136.7493479,59,4.7
533,31.364902,108.249509,89,1.63
534,7.20312,124.796217,82,5.43
535,6.8793892,-72.189,109,6.53
536,-16.3062209,-49.4872858,41,2.82
537,32.2875125,105.5230659,100,3.5
538,60.4624232,23.5496765,70,2.96
539,28.841329,91.016402,44,1.02
540,-24.7711226,25.5897031,77,4.49
541,58.3226908,15.1335348,35,2.44
542,14.0654264,100.6473542,61,1.81
543,25.983202,107.869749,20,5.89
544,15.60444,-13.3211909,41,7.0
545,-27.633736,-55.497642,94,9.05
546,30.169665,121.266579,79,0.13
547,45.3940354,18.3826102,80,5.34
548,41.2696994,-8.5743985,104,0.05
549,50.4848926,14.0286944,32,5.93
550,24.385642,102.554313,78,2.53
551,47.4494702,-122.307217,113,8.83
552,41.2044165,-7.2153847,47,7.17
553,54.87559,36.384275,102,3.31
554,-7.992641,112.624117,54,7.03
555,52.3612714,4.8827921,67,3.28
556,55.984085,22.2373507,28,8.88
557,-7.2489098,108.48102,44,5.65
558,49.4303242,22.5942366,16,3.73
559,-24.2670414,-52.7241914,74,1.55
560,67.1466984,-178.7494469,29,2.71
561,50.12514,18.3810394,70,1.64
562,23.498459,111.746261,78,3.75
563,-14.3568964,-71.1693594,53,0.6
564,-22.7575561,-42.1343805,64,2.28
565,10.6993883,122.5024428,28,0.53
566,53.7683238,18.1130662,22,4.25
567,27.198639,54.3666012,66,1.4
568,28.2412186,112.9513185,34,0.72
569,12.481536,123.380874,20,0.02
570,45.0818466,18.3957811,80,5.37
571,53.8819853,18.5517476,114,4.2
572,35.818632,111.285799,61,7.26
573,45.6878582,18.4041894,35,3.41
574,5.6956728,-0.3301342,110,9.56
575,55.8697739,48.5236711,21,9.98
576,51.0722125,132.6007578,98,9.95
577,49.9899828,18.6926323,75,1.95
578,57.227222,29.161111,91,5.0
579,-9.0202023,-78.6143377,53,7.15
580,29.3728871,113.1149933,89,9.19
581,-21.8737026,-51.8452266,91,9.42
582,54.1347287,33.2921685,37,6.93
583,32.31651,-95.2514685,97,8.46
584,39.2256483,-9.0073673,44,4.94
585,63.8294111,15.3600636,82,4.2
586,33.8431758,130.4835307,92,0.54
587,-29.0311602,24.5877497,42,8.72
588,36.8100183,42.0629842,112,4.02
589,44.7821727,20.4514425,62,1.75
590,-7.0215218,112.4798088,35,2.5
591,26.888665,112.616612,21,3.19
592,22.781631,108.273158,48,8.3
593,57.28876,54.97278,60,1.16
594,-7.6839,107.9651,34,2.3
595,39.0041313,63.568808,48,1.07
596,29.356803,113.12873,70,9.0
597,45.5206082,18.6747675,80,8.69
598,25.1418538,68.5543777,62,0.97
599,40.229627,22.4989768,60,7.21
600,-9.7702219,124.5140637,98,3.73
601,8.679187,124.972309,16,7.78
602,25.112046,99.161761,114,4.73
603,12.0687,-85.0908671,106,8.5
604,50.88758,21.66654,28,1.73
605,12.3772165,-85.6698146,35,4.42
606,17.7409147,-91.7660525,33,6.74
607,53.6972399,-7.606287,58,1.67
608,-7.2630131,112.7211714,89,1.53
609,33.39722,101.956537,76,3.97
610,31.228026,121.454211,81,6.8
611,39.07,-84.53,67,1.1
612,39.0392193,125.7625241,80,1.44
613,-7.0407255,107.0893798,110,9.22
614,39.817642,-75.5101999,43,8.64
615,50.7241261,26.0266362,56,5.84
616,35.65599,35.88871,71,6.51
617,59.326934,14.524558,25,4.67
618,59.2830988,18.033347,32,7.46
619,38.656021,-27.268149,99,2.12
620,34.4911201,62.6031004,64,8.48
621,46.013979,83.663731,97,5.74
622,9.9165452,-84.1014639,49,4.15
623,-45.8732238,-67.5018975,77,6.73
624,-17.6817232,178.8323025,100,7.6
625,63.7388395,34.3097519,29,3.12
626,29.116031,112.567886,98,1.2
627,-15.8146532,-47.9029793,111,5.35
628,50.24979,-118.96904,55,2.22
629,50.2804989,127.5159741,112,0.64
630,-37.758979,176.4495638,76,2.03
631,-22.4206096,-41.8625084,71,5.4
632,49.5730119,22.0608204,26,5.77
633,-1.2816645,36.8458837,35,4.53
634,-20.8097593,27.2029363,33,6.24
635,15.5724296,-88.0350859,86,7.01
636,51.247228,58.498546,20,0.66
637,37.1691,10.03478,110,7.2
638,52.3211465,104.4410484,98,5.02
639,-7.62385,109.23577,21,9.09
640,-8.1916,123.7529,104,5.97
641,59.9028865,30.3175834,79,7.7
642,32.276495,111.468844,114,3.23
643,55.7963126,37.5116044,93,9.53
644,42.4324196,129.741477,110,4.42
645,34.7811851,72.3485015,67,9.88
646,48.1973404,16.3587247,37,8.58
647,14.868392,-91.619388,72,3.67
648,-6.5000633,107.7428952,79,4.92
649,47.0165054,-68.1430064,101,7.45
650,-27.3869255,-55.9145502,71,4.87
651,48.4089744,135.123385,18,6.67
652,-7.935395,111.8210866,83,5.69
653,13.9327517,121.6158104,45,0.65
654,14.565668,121.0317737,94,9.8
655,45.6110839,19.5361203,42,6.04
656,-8.817396,120.806198,70,2.34
657,57.8702991,33.6950887,40,5.37
658,40.356194,-8.0224709,73,3.81
659,27.0522919,89.5756987,15,8.61
660,11.8215864,-86.1306519,94,7.34
661,29.9188786,121.8108521,86,5.88
662,-7.3463033,108.2807559,47,7.53
663,9.333659,-75.540823,62,4.79
664,17.7302207,121.4674111,75,7.62
665,39.75,19.683333,26,4.39
666,39.9391612,116.4578203,113,3.45
667,34.6741181,-92.3517526,15,5.2
668,35.72154,111.350842,112,2.43
669,46.7713478,3.8379578,25,0.83
670,48.7381259,2.3536083,49,3.58
671,30.600064,114.309091,84,2.5
672,14.6388542,121.0041022,97,3.15
673,53.4049709,21.5480129,69,8.32
674,19.241239,108.758458,26,4.95
675,34.99562,103.053321,73,1.12
676,39.7032415,67.1060353,58,9.98
677,-6.6572023,106.7057733,90,5.43
678,4.2399992,13.4482868,20,1.82
679,46.7046395,16.1572755,103,5.49
680,43.0745339,-89.3805579,74,6.27
681,53.1872306,18.0963464,33,5.95
682,32.010214,119.606439,82,6.98
683,-31.3317595,-54.1038619,94,9.09
684,25.5497,111.689821,63,6.5
685,25.637152,106.979574,90,0.84
686,59.3281151,14.5096023,83,8.7
687,68.1416652,33.3096133,66,6.39
688,4.88917,-75.870743,82,4.7
689,10.1709167,-66.8915809,36,2.64
690,31.793861,117.309522,115,4.97
691,-9.8550137,124.2949409,45,2.85
692,51.6878774,23.1996378,39,8.14
693,-7.384252,107.9591094,62,9.88
694,53.1179087,17.2873137,107,3.59
695,9.3296921,125.9334539,95,4.74
696,24.094765,116.00509,68,5.74
697,4.888109,-73.366926,51,5.9
698,21.2648137,104.6427499,113,0.27
699,-6.8654713,111.6571293,101,5.06
700,-7.1856094,112.3188749,25,2.18
701,36.4707823,140.5615795,98,5.92
702,25.179836,119.08713,115,6.52
703,17.7855637,-99.9792312,74,3.1
704,51.6403247,21.7444457,114,0.7
705,-10.7333933,123.1260578,85,8.29
706,-6.9013005,111.9611919,19,3.4
707,50.6715465,22.6706518,82,7.2
708,-1.5798321,-48.598804,36,7.65
709,54.356424,41.9194126,52,3.6
710,0.033333,22.55,29,8.0
711,67.1355975,20.6859936,66,9.54
712,-8.2024827,115.3874591,15,2.69
713,4.7524091,-55.0272904,94,2.14
714,-8.4114856,116.1713917,113,2.29
715,34.319658,104.562412,20,0.8
716,34.99562,103.053321,58,1.72
717,9.95114,-75.083828,43,0.69
718,-6.2366306,106.7997862,55,2.77
719,40.9765733,25.4219873,57,4.94
720,31.031933,119.659553,77,9.82
721,47.4441206,-0.5572458,31,3.56
722,8.0076463,-80.9815817,55,5.06
723,10.4818973,124.0211737,96,6.04
724,56.7155821,16.6880656,25,1.97
725,49.5178845,6.190803,62,9.81
726,61.3377349,16.0344869,38,7.14
727,43.0429124,1.9038837,66,2.45
728,39.867984,117.433236,34,5.87
729,-11.3442564,-75.5655147,115,0.69
730,34.9407863,32.9705266,67,1.9
731,46.73336,-72.56581,67,7.13
732,2.7724038,32.2880726,112,0.48
733,43.9480111,39.3104788,70,9.66
734,35.83339,102.6395,76,7.05
735,39.930131,116.373338,56,0.49
736,-20.3992407,164.5870829,115,6.05
737,22.993423,113.718807,62,7.9
738,39.0345609,-94.5521274,35,8.27
739,37.9512175,23.4910916,18,4.77
740,-32.2331548,-53.0866941,67,2.29
741,32.493989,80.101607,41,4.9
742,59.3326658,18.056792,55,3.01
743,27.246947,114.702652,28,8.42
744,22.719257,114.055261,72,2.24
745,15.3569408,120.5288453,93,1.22
746,7.5433333,149.4122222,61,9.96
747,48.4703688,24.2784263,100,3.2
748,53.3653866,-6.4887534,25,6.04
749,49.7938443,36.0269813,109,8.66
750,37.1358509,-8.4528179,84,9.06
751,41.3486394,19.8345726,28,7.39
752,30.5964923,32.2714587,72,6.52
753,52.6806269,20.6620485,84,5.07
754,30.184907,121.227926,68,6.14
755,28.0003221,-82.5889012,101,9.34
756,9.3733566,-79.7890462,24,5.02
757,34.4198488,70.4729434,45,5.04
758,46.1399991,14.9617162,47,7.14
759,33.9516114,-118.3875775,111,8.06
760,14.7596318,121.0589081,96,1.45
761,8.0693651,123.535497,82,0.19
762,10.1814384,-70.073769,86,9.78
763,36.8093284,10.0863269,78,4.01
764,35.3328119,-80.817935,69,1.27
765,29.531734,71.6445305,51,7.22
766,15.8136606,119.934653,104,3.06
767,54.2084536,72.9614362,65,8.91
768,46.524673,83.628303,48,2.86
769,35.177451,109.590671,102,9.29
770,-15.1978317,12.1575544,17,1.54
771,29.343221,106.427649,106,4.95
772,58.5355022,25.4666818,34,6.27
773,36.285616,115.147814,90,2.0
774,43.8231125,41.9106435,25,5.81
775,49.6638396,6.0744284,29,0.52
776,8.0740824,-69.3041431,22,3.16
777,8.77528,124.80222,68,9.22
778,59.3356305,18.3861127,62,0.38
779,-21.6733002,-49.7471388,28,2.34
780,6.7954977,79.8746207,59,9.13
781,15.3388555,100.1479182,64,2.24
782,9.135346,-75.2887369,84,0.59
783,47.479469,19.0544773,95,9.67
784,-34.6672811,-58.6162188,26,2.54
785,39.975999,116.317558,68,7.68
786,35.7455327,139.8831403,19,8.64
787,-7.3608928,110.1726465,104,7.95
788,35.4358216,126.7020806,98,5.43
789,24.385642,102.554313,32,7.18
790,-8.1951368,123.7992536,38,3.54
791,19.4416194,-99.2473801,89,8.32
792,-33.4488897,-70.6692655,74,4.56
793,31.04565,121.409039,60,0.34
794,35.0695474,136.7835269,109,9.01
795,16.2093368,100.3722477,110,6.66
796,14.565668,121.0317737,106,0.16
797,15.9858807,120.5721737,92,8.68
798,37.439299,-5.9885456,37,9.59
799,50.81011,-121.3246,73,7.86
800,49.4575108,18.2598032,18,2.13
801,22.541373,114.137862,98,6.75
802,45.9501067,17.2326521,24,7.21
803,-8.2538887,112.166867,35,8.22
804,8.955271,126.009711,21,4.21
805,47.6264367,34.5297956,59,3.36
806,46.00582,40.45682,96,7.37
807,-31.4834373,-64.2145666,106,9.4
808,57.0384344,54.0037032,46,2.47
809,51.114514,22.3898739,20,4.71
810,34.0556839,73.1511314,55,6.72
811,36.049805,-115.244096,44,3.05
812,38.707638,-9.197834,53,3.22
813,38.796352,-9.3311668,71,7.39
814,14.5455447,44.4087348,96,0.67
815,-23.216667,46.6666669,88,3.88
816,-7.3811967,-39.2791011,71,1.69
817,31.18248,35.69999,98,9.9
818,-20.4557393,-63.5186518,72,5.5
819,-6.924112,-79.124367,80,5.58
820,29.696108,118.315329,83,4.08
821,-3.0029841,115.9467997,79,4.19
822,50.002337,22.6516099,61,9.21
823,7.073684,124.720103,61,5.71
824,41.2263185,-8.344485,19,3.78
825,50.8441986,3.9438609,92,9.38
826,55.0614182,73.2498639,76,1.89
827,45.7631589,106.2650297,97,2.6
828,-35.229035,173.94869,77,6.31
829,12.3434106,-86.6762176,73,7.9
830,32.457509,35.227727,49,8.49
831,14.622814,-61.030174,23,5.69
832,32.095838,34.952177,107,4.57
833,-23.5586314,-51.4650904,96,7.51
834,52.8779171,21.5301636,18,2.25
835,49.9592267,20.6436082,104,1.8
836,45.9028599,3.95435,108,9.35
837,42.214405,-8.7357274,36,7.22
838,-7.1554,108.7231,44,0.54
839,49.7446959,16.9289283,43,9.59
840,49.243003,2.510652,33,2.51
841,39.2274333,-9.1706522,65,3.78
842,29.432849,110.923502,94,1.95
843,-8.5335529,115.1092099,54,9.55
844,-9.0972502,-35.5876697,83,6.21
845,-22.9941291,-51.1931385,76,0.56
846,5.742809,125.243313,67,0.72
847,20.9570351,-75.7197039,26,6.53
848,49.3559892,2.7877074,53,4.94
849,32.905305,101.755566,62,5.02
850,-10.5792295,-37.745028,115,5.49
851,-16.2382608,-44.4370606,22,4.75
852,59.2691081,17.8651957,54,5.81
853,9.0039801,-75.3645369,35,4.95
854,59.83453,15.6905435,38,9.65
855,48.9990813,1.6899473,51,7.41
856,47.395226,8.5216392,40,0.46
857,2.160693,98.4403573,25,1.84
858,14.6135888,121.0957927,76,7.78
859,34.379742,117.788836,94,8.04
860,59.3269612,13.4662133,78,8.39
861,27.5632781,68.2167517,58,8.4
862,43.8732498,-79.002342,112,4.5
863,15.01667,48.01667,54,2.21
864,23.1004248,-82.3858672,70,5.87
865,55.7039687,37.3835828,57,6.92
866,-8.4105413,115.6141801,86,0.5
867,-7.76929,114.2241895,88,1.57
868,12.4492291,98.6270628,78,8.47
869,20.5593774,-101.2049226,78,7.22
870,-10.6872332,-37.4329352,62,4.42
871,25.3462553,55.4209317,20,8.98
872,29.722611,118.339653,100,9.67
873,12.6151,125.039,88,5.11
874,39.9041999,116.4073963,109,2.3
875,-6.968354,112.475502,15,8.26
876,-7.2290752,-35.8808337,34,3.07
877,-6.7761721,111.4126837,84,7.88
878,17.7524749,120.466907,73,1.3
879,-23.2860188,-47.6790285,75,4.55
880,41.217649,123.1966721,54,9.96
881,-6.2291489,106.8548083,50,8.39
882,48.051542,114.367189,100,6.32
883,30.453667,114.872199,53,0.3
884,49.5604375,13.1979079,115,0.56
885,25.6279123,88.6331758,94,9.0
886,41.3730301,2.116796,45,6.07
887,55.8930684,37.585677,102,6.81
888,48.6138851,14.2281446,83,3.32
889,24.098959,115.264182,76,6.73
890,43.7441795,2.511999,42,4.75
891,23.764143,115.969501,34,1.88
892,-31.3540428,-64.1582003,106,0.05
893,55.6121118,51.8618714,76,5.4
894,32.897014,108.492371,18,5.19
895,-11.9007479,-40.7564002,70,1.2
896,27.7172453,85.3239605,20,9.35
897,46.07034,-72.81125,70,4.57
898,32.770894,119.745363,20,6.15
899,43.3564826,17.7458559,96,7.93
900,52.60628,18.9012899,50,0.54
901,53.532995,57.5184732,35,5.53
902,36.645169,117.364633,46,5.81
903,50.9346454,6.9331365,40,7.49
904,40.179599,112.891988,87,4.55
905,-10.507793,-40.323089,88,5.67
906,9.14586,-74.2932,85,8.9
907,60.5842246,16.5293196,88,0.3
908,60.4783655,15.3710047,91,5.16
909,46.814102,130.375062,46,3.44
910,42.1119268,44.9672863,89,6.27
911,44.7947734,-0.5339182,53,3.54
912,52.4615066,13.4346565,41,8.8
913,6.950203,80.638098,38,2.47
914,40.60624,-8.5926997,73,4.56
915,58.8995628,59.7081271,102,9.87
916,25.419319,118.993885,59,7.97
917,-35.9636265,-71.6831251,35,9.73
918,-36.6419362,-64.3204306,67,3.76
919,38.853468,121.2502,93,6.42
920,56.658933,12.87013,105,7.98
921,29.275625,110.790339,50,8.87
922,53.1762084,-105.7514651,50,2.85
923,18.8826771,-96.935003,31,7.54
924,28.188415,112.290474,103,6.91
925,5.976337,121.2234268,110,2.98
926,37.07833,115.94139,40,9.74
927,39.0277832,-94.6557914,58,2.18
928,18.932625,-70.4079274,95,1.24
929,-26.9165792,-49.0717331,40,5.57
930,13.4441631,0.5235927,82,0.77
931,-22.5284121,-43.7334089,44,5.24
932,43.5072348,-83.9638426,91,0.56
933,12.7523556,123.9719166,108,2.35
934,16.5347882,97.6032892,20,5.03
935,-7.9060665,112.5201746,72,8.02
936,-7.7351493,110.7092666,31,4.17
937,51.5101547,3.5898423,60,8.6
938,22.7458085,113.2935586,27,1.57
939,50.274287,32.9356191,81,4.09
940,-23.400962,-46.011014,114,4.27
941,39.2122525,-8.2869478,108,2.02
942,15.59861,48.18278,37,0.26
943,-6.7653704,106.7742047,59,4.45
944,5.9368109,80.5148127,87,2.88
945,45.697904,0.964671,53,2.52
946,47.23123,98.5714,18,1.84
947,41.1769352,44.8345384,115,2.07
948,51.2928924,12.4645518,25,2.95
949,-28.959987,31.751934,88,2.33
950,30.66044,120.013991,102,1.33
951,-6.8316639,39.2827032,30,7.05
952,22.656408,114.019351,88,9.92
953,40.7559095,-0.3371889,65,1.64
954,37.7213799,-25.510372,85,5.56
955,46.0733211,15.5596719,54,0.71
956,13.767897,100.5009637,34,3.77
957,17.057356,-89.151003,66,4.67
958,34.9690901,63.1443045,60,9.61
959,44.4123524,16.5814309,84,6.92
960,-8.0806,111.7084,88,3.8
961,39.0483943,139.8738552,30,7.47
962,46.2476549,13.5791749,49,0.32
963,19.3387759,-99.1497466,52,5.29
964,21.0453008,107.2776992,18,7.17
965,45.5623078,18.188947,97,8.49
966,25.0522614,-78.0430817,53,6.67
967,14.2552463,-89.8497574,43,4.17
968,39.9317949,116.4559849,46,4.73
969,31.4299792,120.096494,18,3.86
970,10.0850213,-67.9195741,80,4.87
971,48.7320309,16.905384,41,1.23
972,11.144989,123.6441498,84,1.09
973,29.606703,106.574271,30,5.12
974,27.3457474,35.7243073,82,5.45
975,-7.2906502,108.4691492,21,7.14
976,10.89732,-72.88412,114,4.76
977,29.2642495,115.3133908,45,0.92
978,22.9406641,89.445851,77,5.36
979,41.4037275,-7.8500816,115,3.03
980,39.9754634,44.5273861,64,8.88
981,59.3335257,57.2583377,105,0.7
982,-26.3374785,-60.4304186,78,4.96
983,12.8964041,8.5281613,15,4.53
984,25.852003,98.8529872,92,3.5
985,59.322194,18.0694479,79,4.16
986,-16.2162656,39.914466,97,5.99
987,16.2661738,-3.4044187,51,0.54
988,34.857149,118.07065,33,0.99
989,37.6703123,140.6062909,58,1.42
990,40.56762,65.67947,24,9.07
991,-9.9851249,124.0585732,40,2.26
992,-9.5808,118.9951,53,5.21
993,43.7441795,2.511999,60,4.3
994,6.3203695,7.4083958,41,8.04
995,-31.3927967,-64.2545133,50,1.75
996,50.877972,17.4803923,102,2.0
997,-24.5002295,-47.8448116,45,8.76
998,36.39535,36.6889,112,5.03
999,30.174004,122.039055,31,8.19
1000,47.2457073,-122.4773432,115,1.84
